-- =========================================================================
-- SYSTEM: Football Ticket Booking System Database Setup Template
-- DESCRIPTION: Pseudo-DDL Template for Table Creation & Data Insertion
-- INSTRUCTIONS: Replace 'TYPE' and the constraint placeholders with your own
--               actual data types, relational keys, and check criteria.
-- =========================================================================

-- create database
create database football_ticket_booking;

-- DROP TABLES IF THEY ALREADY EXIST TO PREVENT CONFLICTS
DROP TABLE IF EXISTS Bookings;
DROP TABLE IF EXISTS Matches;
DROP TABLE IF EXISTS Users;

-- =========================================================================
-- 1. CREATE USERS TABLE
-- =========================================================================
create table Users (
    user_id int primary key,
    full_name varchar(100),
    email varchar(200) unique not null,
    role varchar(20) check (role in ('Ticket Manager', 'Football Fan')),
    phone_number varchar(20)
    
    -- Write your constraint to make 'user_id' the Primary Key
    -- Write your constraint to ensure 'email' values are never duplicated
    -- Write your check constraint to restrict 'role' to specific allowed strings
);

-- =========================================================================
-- 2. CREATE MATCHES TABLE
-- =========================================================================
create table Matches (
    match_id int primary key,
    fixture varchar(200),
    tournament_category varchar(100),
    base_ticket_price numeric(10,2) check (base_ticket_price >= 0),
    match_status varchar(25) check (match_status in ('Available', 'Selling Fast', 'Sold Out', 'Postponed'))
    
    -- Write your constraint to make 'match_id' the Primary Key
    -- Write your check constraint to prevent negative ticket prices
    -- Write your check constraint to restrict 'match_status' values
);

-- =========================================================================
-- 3. CREATE BOOKINGS TABLE
-- =========================================================================
create table Bookings (
    booking_id int primary key,
    user_id int references Users(user_id),
    match_id int references Matches(match_id),
    seat_number varchar(10),
    payment_status varchar(25) check (payment_status in ('Pending', 'Confirmed', 'Cancelled', 'Refunded')),
    total_cost numeric(10,2) check (total_cost >= 0)
    
    -- Write your constraint to make 'booking_id' the Primary Key
    -- Write your Foreign Key constraint linking 'user_id' to the Users table
    -- Write your Foreign Key constraint linking 'match_id' to the Matches table
    -- Write your check constraint to ensure 'total_cost' is non-negative
    -- Write your check constraint to restrict 'payment_status' values
);


-- =========================================================================
-- DATA SEEDING: INSERT SAMPLE DATA INTO USERS
-- =========================================================================
INSERT INTO Users (user_id, full_name, email, role, phone_number) VALUES
(1, 'Tanvir Rahman', 'tanvir@mail.com', 'Football Fan', '+8801711111111'),
(2, 'Asif Haque', 'asif@mail.com', 'Football Fan', '+8801722222222'),
(3, 'Sajjad Rahman', 'sajjad@mail.com', 'Ticket Manager', '+8801733333333'),
(4, 'Jannat Ara', 'jannat@mail.com', 'Football Fan', NULL);

-- =========================================================================
-- DATA SEEDING: INSERT SAMPLE DATA INTO MATCHES
-- =========================================================================
INSERT INTO Matches (match_id, fixture, tournament_category, base_ticket_price, match_status) VALUES
(101, 'Real Madrid vs Barcelona', 'Champions League', 150.00, 'Available'),
(102, 'Man City vs Liverpool', 'Premier League', 120.00, 'Selling Fast'),
(103, 'Bayern Munich vs PSG', 'Champions League', 130.00, 'Available'),
(104, 'AC Milan vs Inter Milan', 'Serie A', 90.00, 'Sold Out'),
(105, 'Juventus vs Roma', 'Serie A', 80.00, 'Available');

-- =========================================================================
-- DATA SEEDING: INSERT SAMPLE DATA INTO BOOKINGS
-- =========================================================================
INSERT INTO Bookings (booking_id, user_id, match_id, seat_number, payment_status, total_cost) VALUES
(501, 1, 101, 'A-12', 'Confirmed', 150.00),
(502, 1, 102, 'B-04', 'Confirmed', 120.00),
(503, 2, 101, 'A-13', 'Confirmed', 150.00),
(504, 2, 101, NULL, NULL, 150.00),
(505, 3, 102, 'C-20', 'Pending', 120.00);






-- ============================== Query 1
select match_id, fixture, base_ticket_price::int from matches 
  where tournament_category = 'Champions League' and match_status = 'Available';


-- ================Query 2
select user_id, full_name, email from users 
  where full_name ilike 'Tanvir%' or full_name ilike '%Haque';



-- query 3
select booking_id, user_id, match_id, 
  coalesce(payment_status, 'Action Required') as systematic_status
  from bookings where payment_status is null;







